session,run,order,image_path,is_repeat,image_id,repetition_num
1,1,1,/storage/bigdata/NSD_stimulus/train2017/000000491177.jpg,0,0,0
1,1,2,/storage/bigdata/NSD_stimulus/train2017/000000265597.jpg,0,1,0
1,1,3,/storage/bigdata/NSD_stimulus/train2017/000000196226.jpg,0,2,0
1,1,4,/storage/bigdata/NSD_stimulus/train2017/000000430856.jpg,0,3,0
1,1,5,/storage/bigdata/NSD_stimulus/train2017/000000127550.jpg,0,4,0
1,1,6,/storage/bigdata/NSD_stimulus/train2017/000000362751.jpg,0,5,0
1,1,7,/storage/bigdata/NSD_stimulus/train2017/000000467961.jpg,0,6,0
1,1,8,/storage/bigdata/NSD_stimulus/train2017/000000015954.jpg,0,7,0
1,1,9,/storage/bigdata/NSD_stimulus/train2017/000000508269.jpg,0,8,0
1,1,10,/storage/bigdata/NSD_stimulus/train2017/000000314192.jpg,0,9,0
1,1,11,/storage/bigdata/NSD_stimulus/train2017/000000230245.jpg,0,10,0
1,1,12,/storage/bigdata/NSD_stimulus/train2017/000000034437.jpg,0,11,0
1,1,13,/storage/bigdata/NSD_stimulus/train2017/000000345074.jpg,0,12,0
1,1,14,/storage/bigdata/NSD_stimulus/train2017/000000055303.jpg,0,13,0
1,1,15,/storage/bigdata/NSD_stimulus/train2017/000000426538.jpg,0,14,0
1,1,16,/storage/bigdata/NSD_stimulus/train2017/000000284861.jpg,0,15,0
1,1,17,/storage/bigdata/NSD_stimulus/train2017/000000550395.jpg,0,16,0
1,1,18,/storage/bigdata/NSD_stimulus/train2017/000000020527.jpg,0,17,0
1,1,19,/storage/bigdata/NSD_stimulus/train2017/000000538272.jpg,0,18,0
1,1,20,/storage/bigdata/NSD_stimulus/train2017/000000509772.jpg,0,19,0
1,1,21,/storage/bigdata/NSD_stimulus/train2017/000000226424.jpg,0,20,0
1,1,22,/storage/bigdata/NSD_stimulus/train2017/000000351287.jpg,0,21,0
1,1,23,/storage/bigdata/NSD_stimulus/train2017/000000561729.jpg,0,22,0
1,1,24,/storage/bigdata/NSD_stimulus/train2017/000000038030.jpg,0,23,0
1,1,25,/storage/bigdata/NSD_stimulus/train2017/000000465174.jpg,0,24,0
1,1,26,/storage/bigdata/NSD_stimulus/train2017/000000471439.jpg,0,25,0
1,1,27,/storage/bigdata/NSD_stimulus/train2017/000000428576.jpg,0,26,0
1,1,28,/storage/bigdata/NSD_stimulus/train2017/000000001488.jpg,0,27,0
1,1,29,/storage/bigdata/NSD_stimulus/train2017/000000105055.jpg,0,28,0
1,1,30,/storage/bigdata/NSD_stimulus/train2017/000000448220.jpg,0,29,0
1,1,31,/storage/bigdata/NSD_stimulus/train2017/000000090615.jpg,0,30,0
1,1,32,/storage/bigdata/NSD_stimulus/train2017/000000509772.jpg,1,19,1
1,1,33,/storage/bigdata/NSD_stimulus/train2017/000000406770.jpg,0,31,0
1,1,34,/storage/bigdata/NSD_stimulus/train2017/000000065953.jpg,0,32,0
1,1,35,/storage/bigdata/NSD_stimulus/train2017/000000276295.jpg,0,33,0
1,1,36,/storage/bigdata/NSD_stimulus/train2017/000000126973.jpg,0,34,0
1,1,37,/storage/bigdata/NSD_stimulus/train2017/000000429691.jpg,0,35,0
1,1,38,/storage/bigdata/NSD_stimulus/train2017/000000266043.jpg,0,36,0
1,1,39,/storage/bigdata/NSD_stimulus/train2017/000000184614.jpg,0,37,0
1,1,40,/storage/bigdata/NSD_stimulus/train2017/000000543494.jpg,0,38,0
1,1,41,/storage/bigdata/NSD_stimulus/train2017/000000450993.jpg,0,39,0
1,1,42,/storage/bigdata/NSD_stimulus/train2017/000000523344.jpg,0,40,0
1,1,43,/storage/bigdata/NSD_stimulus/train2017/000000275643.jpg,0,41,0
1,1,44,/storage/bigdata/NSD_stimulus/train2017/000000234147.jpg,0,42,0
1,1,45,/storage/bigdata/NSD_stimulus/train2017/000000564926.jpg,0,43,0
1,1,46,/storage/bigdata/NSD_stimulus/train2017/000000109580.jpg,0,44,0
1,1,47,/storage/bigdata/NSD_stimulus/train2017/000000219484.jpg,0,45,0
1,1,48,/storage/bigdata/NSD_stimulus/train2017/000000008401.jpg,0,46,0
1,1,49,/storage/bigdata/NSD_stimulus/train2017/000000088748.jpg,0,47,0
1,1,50,/storage/bigdata/NSD_stimulus/train2017/000000326073.jpg,0,48,0
1,1,51,/storage/bigdata/NSD_stimulus/train2017/000000307510.jpg,0,49,0
1,1,52,/storage/bigdata/NSD_stimulus/train2017/000000492170.jpg,0,50,0
1,1,53,/storage/bigdata/NSD_stimulus/train2017/000000287117.jpg,0,51,0
1,1,54,/storage/bigdata/NSD_stimulus/train2017/000000128813.jpg,0,52,0
1,1,55,/storage/bigdata/NSD_stimulus/train2017/000000474963.jpg,0,53,0
1,1,56,/storage/bigdata/NSD_stimulus/train2017/000000581884.jpg,0,54,0
1,1,57,/storage/bigdata/NSD_stimulus/train2017/000000372172.jpg,0,55,0
1,1,58,/storage/bigdata/NSD_stimulus/train2017/000000210693.jpg,0,56,0
1,1,59,/storage/bigdata/NSD_stimulus/train2017/000000032603.jpg,0,57,0
1,1,60,/storage/bigdata/NSD_stimulus/train2017/000000234343.jpg,0,58,0
1,1,61,/storage/bigdata/NSD_stimulus/train2017/000000064906.jpg,0,59,0
1,1,62,/storage/bigdata/NSD_stimulus/train2017/000000577564.jpg,0,60,0
1,2,1,/storage/bigdata/NSD_stimulus/train2017/000000527557.jpg,0,61,0
1,2,2,/storage/bigdata/NSD_stimulus/train2017/000000396681.jpg,0,62,0
1,2,3,/storage/bigdata/NSD_stimulus/train2017/000000508269.jpg,1,8,1
1,2,4,/storage/bigdata/NSD_stimulus/train2017/000000008401.jpg,1,46,2
1,2,5,/storage/bigdata/NSD_stimulus/train2017/000000300428.jpg,0,63,0
1,2,6,/storage/bigdata/NSD_stimulus/train2017/000000209503.jpg,0,64,0
1,2,7,/storage/bigdata/NSD_stimulus/train2017/000000220214.jpg,0,65,0
1,2,8,/storage/bigdata/NSD_stimulus/train2017/000000575610.jpg,0,66,0
1,2,9,/storage/bigdata/NSD_stimulus/train2017/000000057535.jpg,0,67,0
1,2,10,/storage/bigdata/NSD_stimulus/train2017/000000509563.jpg,0,68,0
1,2,11,/storage/bigdata/NSD_stimulus/train2017/000000205716.jpg,0,69,0
1,2,12,/storage/bigdata/NSD_stimulus/train2017/000000133194.jpg,0,70,0
1,2,13,/storage/bigdata/NSD_stimulus/train2017/000000518499.jpg,0,71,0
1,2,14,/storage/bigdata/NSD_stimulus/train2017/000000012966.jpg,0,72,0
1,2,15,/storage/bigdata/NSD_stimulus/train2017/000000178598.jpg,0,73,0
1,2,16,/storage/bigdata/NSD_stimulus/train2017/000000333412.jpg,0,74,0
1,2,17,/storage/bigdata/NSD_stimulus/train2017/000000522930.jpg,0,75,0
1,2,18,/storage/bigdata/NSD_stimulus/train2017/000000456350.jpg,0,76,0
1,2,19,/storage/bigdata/NSD_stimulus/val2017/000000001818.jpg,0,77,0
1,2,20,/storage/bigdata/NSD_stimulus/train2017/000000234536.jpg,0,78,0
1,2,21,/storage/bigdata/NSD_stimulus/train2017/000000160624.jpg,0,79,0
1,2,22,/storage/bigdata/NSD_stimulus/train2017/000000501269.jpg,0,80,0
1,2,23,/storage/bigdata/NSD_stimulus/train2017/000000373283.jpg,0,81,0
1,2,24,/storage/bigdata/NSD_stimulus/train2017/000000165012.jpg,0,82,0
1,2,25,/storage/bigdata/NSD_stimulus/train2017/000000222295.jpg,0,83,0
1,2,26,/storage/bigdata/NSD_stimulus/train2017/000000038030.jpg,1,23,1
1,2,27,/storage/bigdata/NSD_stimulus/train2017/000000480153.jpg,0,84,0
1,2,28,/storage/bigdata/NSD_stimulus/train2017/000000044831.jpg,0,85,0
1,2,29,/storage/bigdata/NSD_stimulus/train2017/000000430428.jpg,0,86,0
1,2,30,/storage/bigdata/NSD_stimulus/val2017/000000396205.jpg,0,87,0
1,2,31,/storage/bigdata/NSD_stimulus/train2017/000000313846.jpg,0,88,0
1,2,32,/storage/bigdata/NSD_stimulus/train2017/000000132310.jpg,0,89,0
1,2,33,/storage/bigdata/NSD_stimulus/train2017/000000393338.jpg,0,90,0
1,2,34,/storage/bigdata/NSD_stimulus/train2017/000000175583.jpg,0,91,0
1,2,35,/storage/bigdata/NSD_stimulus/train2017/000000219943.jpg,0,92,0
1,2,36,/storage/bigdata/NSD_stimulus/train2017/000000214577.jpg,0,93,0
1,2,37,/storage/bigdata/NSD_stimulus/train2017/000000483374.jpg,0,94,0
1,2,38,/storage/bigdata/NSD_stimulus/train2017/000000325237.jpg,0,95,0
1,2,39,/storage/bigdata/NSD_stimulus/train2017/000000532015.jpg,0,96,0
1,2,40,/storage/bigdata/NSD_stimulus/train2017/000000266043.jpg,1,36,1
1,2,41,/storage/bigdata/NSD_stimulus/train2017/000000205811.jpg,0,97,0
1,2,42,/storage/bigdata/NSD_stimulus/train2017/000000371730.jpg,0,98,0
1,2,43,/storage/bigdata/NSD_stimulus/train2017/000000336406.jpg,0,99,0
1,2,44,/storage/bigdata/NSD_stimulus/train2017/000000555843.jpg,0,100,0
1,2,45,/storage/bigdata/NSD_stimulus/train2017/000000491241.jpg,0,101,0
1,2,46,/storage/bigdata/NSD_stimulus/train2017/000000339643.jpg,0,102,0
1,2,47,/storage/bigdata/NSD_stimulus/train2017/000000047405.jpg,0,103,0
1,2,48,/storage/bigdata/NSD_stimulus/train2017/000000384961.jpg,0,104,0
1,2,49,/storage/bigdata/NSD_stimulus/train2017/000000131815.jpg,0,105,0
1,2,50,/storage/bigdata/NSD_stimulus/train2017/000000016076.jpg,0,106,0
1,2,51,/storage/bigdata/NSD_stimulus/train2017/000000414853.jpg,0,107,0
1,2,52,/storage/bigdata/NSD_stimulus/train2017/000000135984.jpg,0,108,0
1,2,53,/storage/bigdata/NSD_stimulus/train2017/000000363654.jpg,0,109,0
1,2,54,/storage/bigdata/NSD_stimulus/train2017/000000474963.jpg,1,53,2
1,2,55,/storage/bigdata/NSD_stimulus/train2017/000000231315.jpg,0,110,0
1,2,56,/storage/bigdata/NSD_stimulus/train2017/000000510430.jpg,0,111,0
1,2,57,/storage/bigdata/NSD_stimulus/train2017/000000167671.jpg,0,112,0
1,2,58,/storage/bigdata/NSD_stimulus/train2017/000000534459.jpg,0,113,0
1,2,59,/storage/bigdata/NSD_stimulus/train2017/000000103059.jpg,0,114,0
1,2,60,/storage/bigdata/NSD_stimulus/train2017/000000229633.jpg,0,115,0
1,2,61,/storage/bigdata/NSD_stimulus/train2017/000000044780.jpg,0,116,0
1,2,62,/storage/bigdata/NSD_stimulus/train2017/000000230038.jpg,0,117,0
1,3,1,/storage/bigdata/NSD_stimulus/train2017/000000551246.jpg,0,118,0
1,3,2,/storage/bigdata/NSD_stimulus/train2017/000000399862.jpg,0,119,0
1,3,3,/storage/bigdata/NSD_stimulus/train2017/000000226424.jpg,1,20,2
1,3,4,/storage/bigdata/NSD_stimulus/train2017/000000475883.jpg,0,120,0
1,3,5,/storage/bigdata/NSD_stimulus/train2017/000000208288.jpg,0,121,0
1,3,6,/storage/bigdata/NSD_stimulus/train2017/000000128813.jpg,1,52,2
1,3,7,/storage/bigdata/NSD_stimulus/train2017/000000461443.jpg,0,122,0
1,3,8,/storage/bigdata/NSD_stimulus/train2017/000000380477.jpg,0,123,0
1,3,9,/storage/bigdata/NSD_stimulus/train2017/000000000450.jpg,0,124,0
1,3,10,/storage/bigdata/NSD_stimulus/train2017/000000473575.jpg,0,125,0
1,3,11,/storage/bigdata/NSD_stimulus/train2017/000000580974.jpg,0,126,0
1,3,12,/storage/bigdata/NSD_stimulus/train2017/000000513497.jpg,0,127,0
1,3,13,/storage/bigdata/NSD_stimulus/val2017/000000286907.jpg,0,128,0
1,3,14,/storage/bigdata/NSD_stimulus/train2017/000000384166.jpg,0,129,0
1,3,15,/storage/bigdata/NSD_stimulus/train2017/000000430856.jpg,1,3,2
1,3,16,/storage/bigdata/NSD_stimulus/train2017/000000231748.jpg,0,130,0
1,3,17,/storage/bigdata/NSD_stimulus/train2017/000000321466.jpg,0,131,0
1,3,18,/storage/bigdata/NSD_stimulus/train2017/000000189741.jpg,0,132,0
1,3,19,/storage/bigdata/NSD_stimulus/train2017/000000273106.jpg,0,133,0
1,3,20,/storage/bigdata/NSD_stimulus/train2017/000000454654.jpg,0,134,0
1,3,21,/storage/bigdata/NSD_stimulus/train2017/000000027476.jpg,0,135,0
1,3,22,/storage/bigdata/NSD_stimulus/train2017/000000302185.jpg,0,136,0
1,3,23,/storage/bigdata/NSD_stimulus/train2017/000000310780.jpg,0,137,0
1,3,24,/storage/bigdata/NSD_stimulus/train2017/000000495790.jpg,0,138,0
1,3,25,/storage/bigdata/NSD_stimulus/train2017/000000481292.jpg,0,139,0
1,3,26,/storage/bigdata/NSD_stimulus/train2017/000000580974.jpg,1,126,1
1,3,27,/storage/bigdata/NSD_stimulus/train2017/000000198251.jpg,0,140,0
1,3,28,/storage/bigdata/NSD_stimulus/train2017/000000135326.jpg,0,141,0
1,3,29,/storage/bigdata/NSD_stimulus/train2017/000000043202.jpg,0,142,0
1,3,30,/storage/bigdata/NSD_stimulus/train2017/000000216556.jpg,0,143,0
1,3,31,/storage/bigdata/NSD_stimulus/train2017/000000532055.jpg,0,144,0
1,3,32,/storage/bigdata/NSD_stimulus/train2017/000000475883.jpg,1,120,2
1,3,33,/storage/bigdata/NSD_stimulus/train2017/000000556248.jpg,0,145,0
1,3,34,/storage/bigdata/NSD_stimulus/train2017/000000416598.jpg,0,146,0
1,3,35,/storage/bigdata/NSD_stimulus/train2017/000000047942.jpg,0,147,0
1,3,36,/storage/bigdata/NSD_stimulus/val2017/000000147415.jpg,0,148,0
1,3,37,/storage/bigdata/NSD_stimulus/train2017/000000400039.jpg,0,149,0
1,3,38,/storage/bigdata/NSD_stimulus/train2017/000000052928.jpg,0,150,0
1,3,39,/storage/bigdata/NSD_stimulus/train2017/000000259346.jpg,0,151,0
1,3,40,/storage/bigdata/NSD_stimulus/train2017/000000060325.jpg,0,152,0
1,3,41,/storage/bigdata/NSD_stimulus/train2017/000000365103.jpg,0,153,0
1,3,42,/storage/bigdata/NSD_stimulus/train2017/000000426525.jpg,0,154,0
1,3,43,/storage/bigdata/NSD_stimulus/train2017/000000559645.jpg,0,155,0
1,3,44,/storage/bigdata/NSD_stimulus/train2017/000000028649.jpg,0,156,0
1,3,45,/storage/bigdata/NSD_stimulus/train2017/000000234147.jpg,1,42,2
1,3,46,/storage/bigdata/NSD_stimulus/train2017/000000002755.jpg,0,157,0
1,3,47,/storage/bigdata/NSD_stimulus/train2017/000000554756.jpg,0,158,0
1,3,48,/storage/bigdata/NSD_stimulus/train2017/000000265597.jpg,1,1,1
1,3,49,/storage/bigdata/NSD_stimulus/train2017/000000283019.jpg,0,159,0
1,3,50,/storage/bigdata/NSD_stimulus/train2017/000000574509.jpg,0,160,0
1,3,51,/storage/bigdata/NSD_stimulus/train2017/000000344880.jpg,0,161,0
1,3,52,/storage/bigdata/NSD_stimulus/train2017/000000287725.jpg,0,162,0
1,3,53,/storage/bigdata/NSD_stimulus/train2017/000000331419.jpg,0,163,0
1,3,54,/storage/bigdata/NSD_stimulus/train2017/000000095873.jpg,0,164,0
1,3,55,/storage/bigdata/NSD_stimulus/train2017/000000396681.jpg,1,62,1
1,3,56,/storage/bigdata/NSD_stimulus/train2017/000000199688.jpg,0,165,0
1,3,57,/storage/bigdata/NSD_stimulus/train2017/000000470112.jpg,0,166,0
1,3,58,/storage/bigdata/NSD_stimulus/train2017/000000307316.jpg,0,167,0
1,3,59,/storage/bigdata/NSD_stimulus/train2017/000000181026.jpg,0,168,0
1,3,60,/storage/bigdata/NSD_stimulus/train2017/000000106804.jpg,0,169,0
1,3,61,/storage/bigdata/NSD_stimulus/train2017/000000293272.jpg,0,170,0
1,3,62,/storage/bigdata/NSD_stimulus/train2017/000000020646.jpg,0,171,0
1,4,1,/storage/bigdata/NSD_stimulus/train2017/000000517723.jpg,0,172,0
1,4,2,/storage/bigdata/NSD_stimulus/train2017/000000102357.jpg,0,173,0
1,4,3,/storage/bigdata/NSD_stimulus/train2017/000000357805.jpg,0,174,0
1,4,4,/storage/bigdata/NSD_stimulus/train2017/000000186074.jpg,0,175,0
1,4,5,/storage/bigdata/NSD_stimulus/train2017/000000569672.jpg,0,176,0
1,4,6,/storage/bigdata/NSD_stimulus/train2017/000000117531.jpg,0,177,0
1,4,7,/storage/bigdata/NSD_stimulus/train2017/000000237833.jpg,0,178,0
1,4,8,/storage/bigdata/NSD_stimulus/train2017/000000132528.jpg,0,179,0
1,4,9,/storage/bigdata/NSD_stimulus/train2017/000000028649.jpg,1,156,2
1,4,10,/storage/bigdata/NSD_stimulus/train2017/000000481634.jpg,0,180,0
1,4,11,/storage/bigdata/NSD_stimulus/train2017/000000254396.jpg,0,181,0
1,4,12,/storage/bigdata/NSD_stimulus/train2017/000000311882.jpg,0,182,0
1,4,13,/storage/bigdata/NSD_stimulus/train2017/000000385438.jpg,0,183,0
1,4,14,/storage/bigdata/NSD_stimulus/train2017/000000535056.jpg,0,184,0
1,4,15,/storage/bigdata/NSD_stimulus/train2017/000000480005.jpg,0,185,0
1,4,16,/storage/bigdata/NSD_stimulus/train2017/000000465174.jpg,1,24,2
1,4,17,/storage/bigdata/NSD_stimulus/train2017/000000321466.jpg,1,131,1
1,4,18,/storage/bigdata/NSD_stimulus/train2017/000000268688.jpg,0,186,0
1,4,19,/storage/bigdata/NSD_stimulus/train2017/000000518499.jpg,1,71,1
1,4,20,/storage/bigdata/NSD_stimulus/train2017/000000106498.jpg,0,187,0
1,4,21,/storage/bigdata/NSD_stimulus/train2017/000000312472.jpg,0,188,0
1,4,22,/storage/bigdata/NSD_stimulus/train2017/000000534308.jpg,0,189,0
1,4,23,/storage/bigdata/NSD_stimulus/train2017/000000206433.jpg,0,190,0
1,4,24,/storage/bigdata/NSD_stimulus/train2017/000000325302.jpg,0,191,0
1,4,25,/storage/bigdata/NSD_stimulus/train2017/000000550395.jpg,1,16,2
1,4,26,/storage/bigdata/NSD_stimulus/train2017/000000219943.jpg,1,92,2
1,4,27,/storage/bigdata/NSD_stimulus/train2017/000000139605.jpg,0,192,0
1,4,28,/storage/bigdata/NSD_stimulus/train2017/000000565921.jpg,0,193,0
1,4,29,/storage/bigdata/NSD_stimulus/train2017/000000034437.jpg,1,11,2
1,4,30,/storage/bigdata/NSD_stimulus/train2017/000000137315.jpg,0,194,0
1,4,31,/storage/bigdata/NSD_stimulus/train2017/000000400623.jpg,0,195,0
1,4,32,/storage/bigdata/NSD_stimulus/train2017/000000471439.jpg,1,25,1
1,4,33,/storage/bigdata/NSD_stimulus/train2017/000000414853.jpg,1,107,1
1,4,34,/storage/bigdata/NSD_stimulus/train2017/000000048974.jpg,0,196,0
1,4,35,/storage/bigdata/NSD_stimulus/train2017/000000241986.jpg,0,197,0
1,4,36,/storage/bigdata/NSD_stimulus/train2017/000000052153.jpg,0,198,0
1,4,37,/storage/bigdata/NSD_stimulus/train2017/000000312472.jpg,1,188,2
1,4,38,/storage/bigdata/NSD_stimulus/train2017/000000436508.jpg,0,199,0
1,4,39,/storage/bigdata/NSD_stimulus/train2017/000000415918.jpg,0,200,0
1,4,40,/storage/bigdata/NSD_stimulus/train2017/000000172690.jpg,0,201,0
1,4,41,/storage/bigdata/NSD_stimulus/train2017/000000435303.jpg,0,202,0
1,4,42,/storage/bigdata/NSD_stimulus/train2017/000000416739.jpg,0,203,0
1,4,43,/storage/bigdata/NSD_stimulus/train2017/000000346813.jpg,0,204,0
1,4,44,/storage/bigdata/NSD_stimulus/train2017/000000338018.jpg,0,205,0
1,4,45,/storage/bigdata/NSD_stimulus/train2017/000000506270.jpg,0,206,0
1,4,46,/storage/bigdata/NSD_stimulus/train2017/000000043202.jpg,1,142,2
1,4,47,/storage/bigdata/NSD_stimulus/train2017/000000237758.jpg,0,207,0
1,4,48,/storage/bigdata/NSD_stimulus/train2017/000000481634.jpg,1,180,2
1,4,49,/storage/bigdata/NSD_stimulus/train2017/000000465199.jpg,0,208,0
1,4,50,/storage/bigdata/NSD_stimulus/train2017/000000277697.jpg,0,209,0
1,4,51,/storage/bigdata/NSD_stimulus/train2017/000000521169.jpg,0,210,0
1,4,52,/storage/bigdata/NSD_stimulus/train2017/000000575610.jpg,1,66,2
1,4,53,/storage/bigdata/NSD_stimulus/train2017/000000336448.jpg,0,211,0
1,4,54,/storage/bigdata/NSD_stimulus/train2017/000000052250.jpg,0,212,0
1,4,55,/storage/bigdata/NSD_stimulus/train2017/000000343960.jpg,0,213,0
1,4,56,/storage/bigdata/NSD_stimulus/train2017/000000219655.jpg,0,214,0
1,4,57,/storage/bigdata/NSD_stimulus/train2017/000000067805.jpg,0,215,0
1,4,58,/storage/bigdata/NSD_stimulus/train2017/000000324650.jpg,0,216,0
1,4,59,/storage/bigdata/NSD_stimulus/train2017/000000531963.jpg,0,217,0
1,4,60,/storage/bigdata/NSD_stimulus/train2017/000000433259.jpg,0,218,0
1,4,61,/storage/bigdata/NSD_stimulus/train2017/000000098631.jpg,0,219,0
1,4,62,/storage/bigdata/NSD_stimulus/train2017/000000433084.jpg,0,220,0
1,5,1,/storage/bigdata/NSD_stimulus/train2017/000000312388.jpg,0,221,0
1,5,2,/storage/bigdata/NSD_stimulus/train2017/000000419468.jpg,0,222,0
1,5,3,/storage/bigdata/NSD_stimulus/train2017/000000531963.jpg,1,217,2
1,5,4,/storage/bigdata/NSD_stimulus/train2017/000000172406.jpg,0,223,0
1,5,5,/storage/bigdata/NSD_stimulus/train2017/000000423008.jpg,0,224,0
1,5,6,/storage/bigdata/NSD_stimulus/train2017/000000003220.jpg,0,225,0
1,5,7,/storage/bigdata/NSD_stimulus/train2017/000000101816.jpg,0,226,0
1,5,8,/storage/bigdata/NSD_stimulus/train2017/000000269171.jpg,0,227,0
1,5,9,/storage/bigdata/NSD_stimulus/train2017/000000454789.jpg,0,228,0
1,5,10,/storage/bigdata/NSD_stimulus/train2017/000000027476.jpg,1,135,1
1,5,11,/storage/bigdata/NSD_stimulus/val2017/000000206025.jpg,0,229,0
1,5,12,/storage/bigdata/NSD_stimulus/train2017/000000244279.jpg,0,230,0
1,5,13,/storage/bigdata/NSD_stimulus/train2017/000000166704.jpg,0,231,0
1,5,14,/storage/bigdata/NSD_stimulus/train2017/000000300428.jpg,1,63,2
1,5,15,/storage/bigdata/NSD_stimulus/train2017/000000410182.jpg,0,232,0
1,5,16,/storage/bigdata/NSD_stimulus/train2017/000000021408.jpg,0,233,0
1,5,17,/storage/bigdata/NSD_stimulus/train2017/000000462925.jpg,0,234,0
1,5,18,/storage/bigdata/NSD_stimulus/train2017/000000047405.jpg,1,103,2
1,5,19,/storage/bigdata/NSD_stimulus/train2017/000000467180.jpg,0,235,0
1,5,20,/storage/bigdata/NSD_stimulus/train2017/000000196290.jpg,0,236,0
1,5,21,/storage/bigdata/NSD_stimulus/train2017/000000328777.jpg,0,237,0
1,5,22,/storage/bigdata/NSD_stimulus/val2017/000000147415.jpg,1,148,2
1,5,23,/storage/bigdata/NSD_stimulus/train2017/000000572505.jpg,0,238,0
1,5,24,/storage/bigdata/NSD_stimulus/train2017/000000523718.jpg,0,239,0
1,5,25,/storage/bigdata/NSD_stimulus/train2017/000000026725.jpg,0,240,0
1,5,26,/storage/bigdata/NSD_stimulus/train2017/000000513887.jpg,0,241,0
1,5,27,/storage/bigdata/NSD_stimulus/train2017/000000496100.jpg,0,242,0
1,5,28,/storage/bigdata/NSD_stimulus/train2017/000000088748.jpg,1,47,1
1,5,29,/storage/bigdata/NSD_stimulus/train2017/000000044138.jpg,0,243,0
1,5,30,/storage/bigdata/NSD_stimulus/train2017/000000181026.jpg,1,168,1
1,5,31,/storage/bigdata/NSD_stimulus/train2017/000000354932.jpg,0,244,0
1,5,32,/storage/bigdata/NSD_stimulus/train2017/000000293272.jpg,1,170,2
1,5,33,/storage/bigdata/NSD_stimulus/train2017/000000044138.jpg,1,243,2
1,5,34,/storage/bigdata/NSD_stimulus/train2017/000000281237.jpg,0,245,0
1,5,35,/storage/bigdata/NSD_stimulus/train2017/000000535325.jpg,0,246,0
1,5,36,/storage/bigdata/NSD_stimulus/train2017/000000003375.jpg,0,247,0
1,5,37,/storage/bigdata/NSD_stimulus/train2017/000000400623.jpg,1,195,1
1,5,38,/storage/bigdata/NSD_stimulus/train2017/000000229633.jpg,1,115,1
1,5,39,/storage/bigdata/NSD_stimulus/train2017/000000385438.jpg,1,183,2
1,5,40,/storage/bigdata/NSD_stimulus/train2017/000000339643.jpg,1,102,1
1,5,41,/storage/bigdata/NSD_stimulus/train2017/000000259346.jpg,1,151,2
1,5,42,/storage/bigdata/NSD_stimulus/train2017/000000101816.jpg,1,226,1
1,5,43,/storage/bigdata/NSD_stimulus/train2017/000000027476.jpg,1,135,2
1,5,44,/storage/bigdata/NSD_stimulus/train2017/000000276295.jpg,1,33,2
1,5,45,/storage/bigdata/NSD_stimulus/train2017/000000363654.jpg,1,109,1
1,5,46,/storage/bigdata/NSD_stimulus/train2017/000000052153.jpg,1,198,1
1,5,47,/storage/bigdata/NSD_stimulus/train2017/000000189741.jpg,1,132,1
1,5,48,/storage/bigdata/NSD_stimulus/train2017/000000283019.jpg,1,159,2
1,5,49,/storage/bigdata/NSD_stimulus/train2017/000000117531.jpg,1,177,2
1,5,50,/storage/bigdata/NSD_stimulus/train2017/000000047942.jpg,1,147,2
1,5,51,/storage/bigdata/NSD_stimulus/train2017/000000052928.jpg,1,150,1
1,5,52,/storage/bigdata/NSD_stimulus/train2017/000000307316.jpg,1,167,1
1,5,53,/storage/bigdata/NSD_stimulus/train2017/000000287725.jpg,1,162,2
1,5,54,/storage/bigdata/NSD_stimulus/train2017/000000433259.jpg,1,218,2
1,5,55,/storage/bigdata/NSD_stimulus/train2017/000000354932.jpg,1,244,2
1,5,56,/storage/bigdata/NSD_stimulus/train2017/000000105055.jpg,1,28,2
1,5,57,/storage/bigdata/NSD_stimulus/train2017/000000135326.jpg,1,141,2
1,5,58,/storage/bigdata/NSD_stimulus/train2017/000000226424.jpg,1,20,1
1,5,59,/storage/bigdata/NSD_stimulus/train2017/000000103059.jpg,1,114,1
1,5,60,/storage/bigdata/NSD_stimulus/train2017/000000461443.jpg,1,122,1
1,5,61,/storage/bigdata/NSD_stimulus/train2017/000000209503.jpg,1,64,2
1,5,62,/storage/bigdata/NSD_stimulus/train2017/000000109580.jpg,1,44,2
1,6,1,/storage/bigdata/NSD_stimulus/train2017/000000032603.jpg,1,57,1
1,6,2,/storage/bigdata/NSD_stimulus/train2017/000000333412.jpg,1,74,1
1,6,3,/storage/bigdata/NSD_stimulus/train2017/000000131815.jpg,1,105,1
1,6,4,/storage/bigdata/NSD_stimulus/train2017/000000343960.jpg,1,213,1
1,6,5,/storage/bigdata/NSD_stimulus/train2017/000000346813.jpg,1,204,2
1,6,6,/storage/bigdata/NSD_stimulus/train2017/000000326073.jpg,1,48,1
1,6,7,/storage/bigdata/NSD_stimulus/train2017/000000513887.jpg,1,241,1
1,6,8,/storage/bigdata/NSD_stimulus/train2017/000000513497.jpg,1,127,2
1,6,9,/storage/bigdata/NSD_stimulus/train2017/000000196290.jpg,1,236,2
1,6,10,/storage/bigdata/NSD_stimulus/train2017/000000454654.jpg,1,134,1
1,6,11,/storage/bigdata/NSD_stimulus/train2017/000000216556.jpg,1,143,2
1,6,12,/storage/bigdata/NSD_stimulus/train2017/000000410182.jpg,1,232,1
1,6,13,/storage/bigdata/NSD_stimulus/train2017/000000314192.jpg,1,9,2
1,6,14,/storage/bigdata/NSD_stimulus/train2017/000000047405.jpg,1,103,1
1,6,15,/storage/bigdata/NSD_stimulus/train2017/000000331419.jpg,1,163,1
1,6,16,/storage/bigdata/NSD_stimulus/train2017/000000492170.jpg,1,50,1
1,6,17,/storage/bigdata/NSD_stimulus/train2017/000000021408.jpg,1,233,2
1,6,18,/storage/bigdata/NSD_stimulus/train2017/000000491177.jpg,1,0,1
1,6,19,/storage/bigdata/NSD_stimulus/train2017/000000345074.jpg,1,12,1
1,6,20,/storage/bigdata/NSD_stimulus/train2017/000000016076.jpg,1,106,1
1,6,21,/storage/bigdata/NSD_stimulus/train2017/000000430856.jpg,1,3,1
1,6,22,/storage/bigdata/NSD_stimulus/train2017/000000196226.jpg,1,2,1
1,6,23,/storage/bigdata/NSD_stimulus/train2017/000000508269.jpg,1,8,2
1,6,24,/storage/bigdata/NSD_stimulus/train2017/000000230245.jpg,1,10,1
1,6,25,/storage/bigdata/NSD_stimulus/train2017/000000127550.jpg,1,4,1
1,6,26,/storage/bigdata/NSD_stimulus/train2017/000000362751.jpg,1,5,2
1,6,27,/storage/bigdata/NSD_stimulus/train2017/000000467961.jpg,1,6,1
1,6,28,/storage/bigdata/NSD_stimulus/train2017/000000265597.jpg,1,1,2
1,6,29,/storage/bigdata/NSD_stimulus/train2017/000000230245.jpg,1,10,2
1,6,30,/storage/bigdata/NSD_stimulus/train2017/000000426538.jpg,1,14,1
1,6,31,/storage/bigdata/NSD_stimulus/val2017/000000286907.jpg,1,128,1
1,6,32,/storage/bigdata/NSD_stimulus/train2017/000000196226.jpg,1,2,2
1,6,33,/storage/bigdata/NSD_stimulus/train2017/000000015954.jpg,1,7,1
1,6,34,/storage/bigdata/NSD_stimulus/train2017/000000351287.jpg,1,21,2
1,6,35,/storage/bigdata/NSD_stimulus/train2017/000000055303.jpg,1,13,1
1,6,36,/storage/bigdata/NSD_stimulus/train2017/000000284861.jpg,1,15,1
1,6,37,/storage/bigdata/NSD_stimulus/train2017/000000351287.jpg,1,21,1
1,6,38,/storage/bigdata/NSD_stimulus/train2017/000000127550.jpg,1,4,2
1,6,39,/storage/bigdata/NSD_stimulus/train2017/000000314192.jpg,1,9,1
1,6,40,/storage/bigdata/NSD_stimulus/train2017/000000550395.jpg,1,16,1
1,6,41,/storage/bigdata/NSD_stimulus/train2017/000000471439.jpg,1,25,2
1,6,42,/storage/bigdata/NSD_stimulus/train2017/000000467961.jpg,1,6,2
1,6,43,/storage/bigdata/NSD_stimulus/train2017/000000284861.jpg,1,15,2
1,6,44,/storage/bigdata/NSD_stimulus/train2017/000000509772.jpg,1,19,2
1,6,45,/storage/bigdata/NSD_stimulus/train2017/000000491177.jpg,1,0,2
1,6,46,/storage/bigdata/NSD_stimulus/train2017/000000362751.jpg,1,5,1
1,6,47,/storage/bigdata/NSD_stimulus/train2017/000000426538.jpg,1,14,2
1,6,48,/storage/bigdata/NSD_stimulus/train2017/000000523344.jpg,1,40,1
1,6,49,/storage/bigdata/NSD_stimulus/train2017/000000538272.jpg,1,18,2
1,6,50,/storage/bigdata/NSD_stimulus/train2017/000000345074.jpg,1,12,2
1,6,51,/storage/bigdata/NSD_stimulus/train2017/000000448220.jpg,1,29,1
1,6,52,/storage/bigdata/NSD_stimulus/train2017/000000034437.jpg,1,11,1
1,6,53,/storage/bigdata/NSD_stimulus/train2017/000000038030.jpg,1,23,2
1,6,54,/storage/bigdata/NSD_stimulus/train2017/000000523344.jpg,1,40,2
1,6,55,/storage/bigdata/NSD_stimulus/train2017/000000465174.jpg,1,24,1
1,6,56,/storage/bigdata/NSD_stimulus/train2017/000000001488.jpg,1,27,2
1,6,57,/storage/bigdata/NSD_stimulus/train2017/000000429691.jpg,1,35,2
1,6,58,/storage/bigdata/NSD_stimulus/train2017/000000450993.jpg,1,39,2
1,6,59,/storage/bigdata/NSD_stimulus/train2017/000000275643.jpg,1,41,2
1,6,60,/storage/bigdata/NSD_stimulus/train2017/000000428576.jpg,1,26,1
1,6,61,/storage/bigdata/NSD_stimulus/train2017/000000428576.jpg,1,26,2
1,6,62,/storage/bigdata/NSD_stimulus/train2017/000000090615.jpg,1,30,1
1,7,1,/storage/bigdata/NSD_stimulus/train2017/000000008401.jpg,1,46,1
1,7,2,/storage/bigdata/NSD_stimulus/train2017/000000172406.jpg,1,223,1
1,7,3,/storage/bigdata/NSD_stimulus/train2017/000000126973.jpg,1,34,1
1,7,4,/storage/bigdata/NSD_stimulus/train2017/000000184614.jpg,1,37,2
1,7,5,/storage/bigdata/NSD_stimulus/train2017/000000275643.jpg,1,41,1
1,7,6,/storage/bigdata/NSD_stimulus/train2017/000000001488.jpg,1,27,1
1,7,7,/storage/bigdata/NSD_stimulus/train2017/000000429691.jpg,1,35,1
1,7,8,/storage/bigdata/NSD_stimulus/train2017/000000133194.jpg,1,70,2
1,7,9,/storage/bigdata/NSD_stimulus/train2017/000000230038.jpg,1,117,1
1,7,10,/storage/bigdata/NSD_stimulus/train2017/000000020527.jpg,1,17,2
1,7,11,/storage/bigdata/NSD_stimulus/train2017/000000406770.jpg,1,31,2
1,7,12,/storage/bigdata/NSD_stimulus/train2017/000000450993.jpg,1,39,1
1,7,13,/storage/bigdata/NSD_stimulus/train2017/000000090615.jpg,1,30,2
1,7,14,/storage/bigdata/NSD_stimulus/train2017/000000543494.jpg,1,38,1
1,7,15,/storage/bigdata/NSD_stimulus/train2017/000000448220.jpg,1,29,2
1,7,16,/storage/bigdata/NSD_stimulus/train2017/000000065953.jpg,1,32,2
1,7,17,/storage/bigdata/NSD_stimulus/train2017/000000231748.jpg,1,130,1
1,7,18,/storage/bigdata/NSD_stimulus/train2017/000000400039.jpg,1,149,2
1,7,19,/storage/bigdata/NSD_stimulus/train2017/000000126973.jpg,1,34,2
1,7,20,/storage/bigdata/NSD_stimulus/train2017/000000219484.jpg,1,45,2
1,7,21,/storage/bigdata/NSD_stimulus/train2017/000000266043.jpg,1,36,2
1,7,22,/storage/bigdata/NSD_stimulus/train2017/000000064906.jpg,1,59,1
1,7,23,/storage/bigdata/NSD_stimulus/train2017/000000372172.jpg,1,55,2
1,7,24,/storage/bigdata/NSD_stimulus/train2017/000000088748.jpg,1,47,2
1,7,25,/storage/bigdata/NSD_stimulus/train2017/000000307510.jpg,1,49,1
1,7,26,/storage/bigdata/NSD_stimulus/train2017/000000128813.jpg,1,52,1
1,7,27,/storage/bigdata/NSD_stimulus/train2017/000000234147.jpg,1,42,1
1,7,28,/storage/bigdata/NSD_stimulus/train2017/000000326073.jpg,1,48,2
1,7,29,/storage/bigdata/NSD_stimulus/train2017/000000492170.jpg,1,50,2
1,7,30,/storage/bigdata/NSD_stimulus/train2017/000000064906.jpg,1,59,2
1,7,31,/storage/bigdata/NSD_stimulus/train2017/000000396681.jpg,1,62,2
1,7,32,/storage/bigdata/NSD_stimulus/train2017/000000564926.jpg,1,43,1
1,7,33,/storage/bigdata/NSD_stimulus/train2017/000000109580.jpg,1,44,1
1,7,34,/storage/bigdata/NSD_stimulus/train2017/000000372172.jpg,1,55,1
1,7,35,/storage/bigdata/NSD_stimulus/train2017/000000210693.jpg,1,56,1
1,7,36,/storage/bigdata/NSD_stimulus/train2017/000000220214.jpg,1,65,2
1,7,37,/storage/bigdata/NSD_stimulus/train2017/000000133194.jpg,1,70,1
1,7,38,/storage/bigdata/NSD_stimulus/train2017/000000333412.jpg,1,74,2
1,7,39,/storage/bigdata/NSD_stimulus/train2017/000000581884.jpg,1,54,1
1,7,40,/storage/bigdata/NSD_stimulus/train2017/000000287117.jpg,1,51,2
1,7,41,/storage/bigdata/NSD_stimulus/train2017/000000057535.jpg,1,67,2
1,7,42,/storage/bigdata/NSD_stimulus/train2017/000000527557.jpg,1,61,2
1,7,43,/storage/bigdata/NSD_stimulus/train2017/000000205716.jpg,1,69,1
1,7,44,/storage/bigdata/NSD_stimulus/train2017/000000032603.jpg,1,57,2
1,7,45,/storage/bigdata/NSD_stimulus/train2017/000000527557.jpg,1,61,1
1,7,46,/storage/bigdata/NSD_stimulus/train2017/000000575610.jpg,1,66,1
1,7,47,/storage/bigdata/NSD_stimulus/train2017/000000057535.jpg,1,67,1
1,7,48,/storage/bigdata/NSD_stimulus/train2017/000000522930.jpg,1,75,2
1,7,49,/storage/bigdata/NSD_stimulus/train2017/000000538272.jpg,1,18,1
1,7,50,/storage/bigdata/NSD_stimulus/train2017/000000474963.jpg,1,53,1
1,7,51,/storage/bigdata/NSD_stimulus/train2017/000000205716.jpg,1,69,2
1,7,52,/storage/bigdata/NSD_stimulus/train2017/000000234343.jpg,1,58,2
1,7,53,/storage/bigdata/NSD_stimulus/train2017/000000518499.jpg,1,71,2
1,7,54,/storage/bigdata/NSD_stimulus/train2017/000000012966.jpg,1,72,1
1,7,55,/storage/bigdata/NSD_stimulus/train2017/000000178598.jpg,1,73,2
1,7,56,/storage/bigdata/NSD_stimulus/train2017/000000300428.jpg,1,63,1
1,7,57,/storage/bigdata/NSD_stimulus/train2017/000000509563.jpg,1,68,2
1,7,58,/storage/bigdata/NSD_stimulus/train2017/000000456350.jpg,1,76,1
1,7,59,/storage/bigdata/NSD_stimulus/train2017/000000456350.jpg,1,76,2
1,7,60,/storage/bigdata/NSD_stimulus/train2017/000000222295.jpg,1,83,2
1,7,61,/storage/bigdata/NSD_stimulus/train2017/000000209503.jpg,1,64,1
1,7,62,/storage/bigdata/NSD_stimulus/train2017/000000234536.jpg,1,78,2
1,8,1,/storage/bigdata/NSD_stimulus/train2017/000000373283.jpg,1,81,2
1,8,2,/storage/bigdata/NSD_stimulus/train2017/000000165012.jpg,1,82,2
1,8,3,/storage/bigdata/NSD_stimulus/train2017/000000178598.jpg,1,73,1
1,8,4,/storage/bigdata/NSD_stimulus/val2017/000000001818.jpg,1,77,2
1,8,5,/storage/bigdata/NSD_stimulus/train2017/000000160624.jpg,1,79,1
1,8,6,/storage/bigdata/NSD_stimulus/train2017/000000373283.jpg,1,81,1
1,8,7,/storage/bigdata/NSD_stimulus/train2017/000000254396.jpg,1,181,1
1,8,8,/storage/bigdata/NSD_stimulus/train2017/000000220214.jpg,1,65,1
1,8,9,/storage/bigdata/NSD_stimulus/train2017/000000509563.jpg,1,68,1
1,8,10,/storage/bigdata/NSD_stimulus/train2017/000000012966.jpg,1,72,2
1,8,11,/storage/bigdata/NSD_stimulus/train2017/000000199688.jpg,1,165,2
1,8,12,/storage/bigdata/NSD_stimulus/train2017/000000044831.jpg,1,85,2
1,8,13,/storage/bigdata/NSD_stimulus/train2017/000000501269.jpg,1,80,1
1,8,14,/storage/bigdata/NSD_stimulus/train2017/000000416598.jpg,1,146,2
1,8,15,/storage/bigdata/NSD_stimulus/val2017/000000001818.jpg,1,77,1
1,8,16,/storage/bigdata/NSD_stimulus/train2017/000000222295.jpg,1,83,1
1,8,17,/storage/bigdata/NSD_stimulus/train2017/000000132310.jpg,1,89,2
1,8,18,/storage/bigdata/NSD_stimulus/train2017/000000483374.jpg,1,94,1
1,8,19,/storage/bigdata/NSD_stimulus/train2017/000000480153.jpg,1,84,1
1,8,20,/storage/bigdata/NSD_stimulus/train2017/000000480153.jpg,1,84,2
1,8,21,/storage/bigdata/NSD_stimulus/train2017/000000160624.jpg,1,79,2
1,8,22,/storage/bigdata/NSD_stimulus/train2017/000000430428.jpg,1,86,1
1,8,23,/storage/bigdata/NSD_stimulus/train2017/000000532015.jpg,1,96,1
1,8,24,/storage/bigdata/NSD_stimulus/val2017/000000396205.jpg,1,87,1
1,8,25,/storage/bigdata/NSD_stimulus/train2017/000000483374.jpg,1,94,2
1,8,26,/storage/bigdata/NSD_stimulus/train2017/000000325237.jpg,1,95,2
1,8,27,/storage/bigdata/NSD_stimulus/train2017/000000532015.jpg,1,96,2
1,8,28,/storage/bigdata/NSD_stimulus/train2017/000000380477.jpg,1,123,1
1,8,29,/storage/bigdata/NSD_stimulus/train2017/000000165012.jpg,1,82,1
1,8,30,/storage/bigdata/NSD_stimulus/train2017/000000313846.jpg,1,88,2
1,8,31,/storage/bigdata/NSD_stimulus/train2017/000000414853.jpg,1,107,2
1,8,32,/storage/bigdata/NSD_stimulus/train2017/000000430428.jpg,1,86,2
1,8,33,/storage/bigdata/NSD_stimulus/train2017/000000393338.jpg,1,90,2
1,8,34,/storage/bigdata/NSD_stimulus/train2017/000000052153.jpg,1,198,2
1,8,35,/storage/bigdata/NSD_stimulus/train2017/000000175583.jpg,1,91,1
1,8,36,/storage/bigdata/NSD_stimulus/train2017/000000371730.jpg,1,98,2
1,8,37,/storage/bigdata/NSD_stimulus/train2017/000000555843.jpg,1,100,1
1,8,38,/storage/bigdata/NSD_stimulus/train2017/000000132310.jpg,1,89,1
1,8,39,/storage/bigdata/NSD_stimulus/train2017/000000336406.jpg,1,99,1
1,8,40,/storage/bigdata/NSD_stimulus/train2017/000000219943.jpg,1,92,1
1,8,41,/storage/bigdata/NSD_stimulus/train2017/000000325237.jpg,1,95,1
1,8,42,/storage/bigdata/NSD_stimulus/train2017/000000491241.jpg,1,101,2
1,8,43,/storage/bigdata/NSD_stimulus/train2017/000000131815.jpg,1,105,2
1,8,44,/storage/bigdata/NSD_stimulus/train2017/000000363654.jpg,1,109,2
1,8,45,/storage/bigdata/NSD_stimulus/train2017/000000354932.jpg,1,244,1
1,8,46,/storage/bigdata/NSD_stimulus/train2017/000000393338.jpg,1,90,1
1,8,47,/storage/bigdata/NSD_stimulus/train2017/000000175583.jpg,1,91,2
1,8,48,/storage/bigdata/NSD_stimulus/train2017/000000214577.jpg,1,93,1
1,8,49,/storage/bigdata/NSD_stimulus/train2017/000000205811.jpg,1,97,2
1,8,50,/storage/bigdata/NSD_stimulus/train2017/000000555843.jpg,1,100,2
1,8,51,/storage/bigdata/NSD_stimulus/train2017/000000491241.jpg,1,101,1
1,8,52,/storage/bigdata/NSD_stimulus/train2017/000000384961.jpg,1,104,1
1,8,53,/storage/bigdata/NSD_stimulus/train2017/000000336406.jpg,1,99,2
1,8,54,/storage/bigdata/NSD_stimulus/train2017/000000339643.jpg,1,102,2
1,8,55,/storage/bigdata/NSD_stimulus/train2017/000000167671.jpg,1,112,2
1,8,56,/storage/bigdata/NSD_stimulus/train2017/000000205811.jpg,1,97,1
1,8,57,/storage/bigdata/NSD_stimulus/train2017/000000371730.jpg,1,98,1
1,8,58,/storage/bigdata/NSD_stimulus/train2017/000000135984.jpg,1,108,2
1,8,59,/storage/bigdata/NSD_stimulus/train2017/000000534459.jpg,1,113,2
1,8,60,/storage/bigdata/NSD_stimulus/train2017/000000513887.jpg,1,241,2
1,8,61,/storage/bigdata/NSD_stimulus/train2017/000000577564.jpg,1,60,2
1,8,62,/storage/bigdata/NSD_stimulus/train2017/000000510430.jpg,1,111,1
1,9,1,/storage/bigdata/NSD_stimulus/train2017/000000385438.jpg,1,183,1
1,9,2,/storage/bigdata/NSD_stimulus/train2017/000000137315.jpg,1,194,2
1,9,3,/storage/bigdata/NSD_stimulus/train2017/000000496100.jpg,1,242,2
1,9,4,/storage/bigdata/NSD_stimulus/train2017/000000016076.jpg,1,106,2
1,9,5,/storage/bigdata/NSD_stimulus/train2017/000000229633.jpg,1,115,2
1,9,6,/storage/bigdata/NSD_stimulus/train2017/000000208288.jpg,1,121,2
1,9,7,/storage/bigdata/NSD_stimulus/train2017/000000044831.jpg,1,85,1
1,9,8,/storage/bigdata/NSD_stimulus/train2017/000000384961.jpg,1,104,2
1,9,9,/storage/bigdata/NSD_stimulus/train2017/000000000450.jpg,1,124,1
1,9,10,/storage/bigdata/NSD_stimulus/train2017/000000473575.jpg,1,125,2
1,9,11,/storage/bigdata/NSD_stimulus/train2017/000000044780.jpg,1,116,2
1,9,12,/storage/bigdata/NSD_stimulus/train2017/000000231315.jpg,1,110,1
1,9,13,/storage/bigdata/NSD_stimulus/train2017/000000259346.jpg,1,151,1
1,9,14,/storage/bigdata/NSD_stimulus/train2017/000000020646.jpg,1,171,1
1,9,15,/storage/bigdata/NSD_stimulus/train2017/000000103059.jpg,1,114,2
1,9,16,/storage/bigdata/NSD_stimulus/train2017/000000551246.jpg,1,118,1
1,9,17,/storage/bigdata/NSD_stimulus/train2017/000000321466.jpg,1,131,2
1,9,18,/storage/bigdata/NSD_stimulus/train2017/000000044780.jpg,1,116,1
1,9,19,/storage/bigdata/NSD_stimulus/train2017/000000475883.jpg,1,120,1
1,9,20,/storage/bigdata/NSD_stimulus/train2017/000000384166.jpg,1,129,1
1,9,21,/storage/bigdata/NSD_stimulus/train2017/000000384166.jpg,1,129,2
1,9,22,/storage/bigdata/NSD_stimulus/train2017/000000534459.jpg,1,113,1
1,9,23,/storage/bigdata/NSD_stimulus/train2017/000000473575.jpg,1,125,1
1,9,24,/storage/bigdata/NSD_stimulus/train2017/000000302185.jpg,1,136,2
1,9,25,/storage/bigdata/NSD_stimulus/train2017/000000495790.jpg,1,138,2
1,9,26,/storage/bigdata/NSD_stimulus/val2017/000000396205.jpg,1,87,2
1,9,27,/storage/bigdata/NSD_stimulus/train2017/000000273106.jpg,1,133,2
1,9,28,/storage/bigdata/NSD_stimulus/train2017/000000230038.jpg,1,117,2
1,9,29,/storage/bigdata/NSD_stimulus/train2017/000000310780.jpg,1,137,1
1,9,30,/storage/bigdata/NSD_stimulus/train2017/000000495790.jpg,1,138,1
1,9,31,/storage/bigdata/NSD_stimulus/train2017/000000198251.jpg,1,140,2
1,9,32,/storage/bigdata/NSD_stimulus/val2017/000000286907.jpg,1,128,2
1,9,33,/storage/bigdata/NSD_stimulus/train2017/000000310780.jpg,1,137,2
1,9,34,/storage/bigdata/NSD_stimulus/val2017/000000147415.jpg,1,148,1
1,9,35,/storage/bigdata/NSD_stimulus/train2017/000000454654.jpg,1,134,2
1,9,36,/storage/bigdata/NSD_stimulus/train2017/000000000450.jpg,1,124,2
1,9,37,/storage/bigdata/NSD_stimulus/train2017/000000400039.jpg,1,149,1
1,9,38,/storage/bigdata/NSD_stimulus/train2017/000000198251.jpg,1,140,1
1,9,39,/storage/bigdata/NSD_stimulus/train2017/000000052250.jpg,1,212,1
1,9,40,/storage/bigdata/NSD_stimulus/train2017/000000365103.jpg,1,153,2
1,9,41,/storage/bigdata/NSD_stimulus/train2017/000000400623.jpg,1,195,2
1,9,42,/storage/bigdata/NSD_stimulus/train2017/000000231748.jpg,1,130,2
1,9,43,/storage/bigdata/NSD_stimulus/train2017/000000302185.jpg,1,136,1
1,9,44,/storage/bigdata/NSD_stimulus/train2017/000000532055.jpg,1,144,2
1,9,45,/storage/bigdata/NSD_stimulus/train2017/000000556248.jpg,1,145,2
1,9,46,/storage/bigdata/NSD_stimulus/train2017/000000102357.jpg,1,173,1
1,9,47,/storage/bigdata/NSD_stimulus/train2017/000000268688.jpg,1,186,1
1,9,48,/storage/bigdata/NSD_stimulus/train2017/000000564926.jpg,1,43,2
1,9,49,/storage/bigdata/NSD_stimulus/train2017/000000273106.jpg,1,133,1
1,9,50,/storage/bigdata/NSD_stimulus/train2017/000000416598.jpg,1,146,1
1,9,51,/storage/bigdata/NSD_stimulus/train2017/000000559645.jpg,1,155,1
1,9,52,/storage/bigdata/NSD_stimulus/train2017/000000559645.jpg,1,155,2
1,9,53,/storage/bigdata/NSD_stimulus/train2017/000000307510.jpg,1,49,2
1,9,54,/storage/bigdata/NSD_stimulus/train2017/000000052928.jpg,1,150,2
1,9,55,/storage/bigdata/NSD_stimulus/train2017/000000481292.jpg,1,139,2
1,9,56,/storage/bigdata/NSD_stimulus/train2017/000000047942.jpg,1,147,1
1,9,57,/storage/bigdata/NSD_stimulus/train2017/000000426525.jpg,1,154,1
1,9,58,/storage/bigdata/NSD_stimulus/train2017/000000556248.jpg,1,145,1
1,9,59,/storage/bigdata/NSD_stimulus/train2017/000000554756.jpg,1,158,2
1,9,60,/storage/bigdata/NSD_stimulus/train2017/000000501269.jpg,1,80,2
1,9,61,/storage/bigdata/NSD_stimulus/train2017/000000002755.jpg,1,157,1
1,9,62,/storage/bigdata/NSD_stimulus/train2017/000000554756.jpg,1,158,1
1,10,1,/storage/bigdata/NSD_stimulus/train2017/000000172406.jpg,1,223,2
1,10,2,/storage/bigdata/NSD_stimulus/train2017/000000426525.jpg,1,154,2
1,10,3,/storage/bigdata/NSD_stimulus/train2017/000000283019.jpg,1,159,1
1,10,4,/storage/bigdata/NSD_stimulus/train2017/000000574509.jpg,1,160,1
1,10,5,/storage/bigdata/NSD_stimulus/train2017/000000287725.jpg,1,162,1
1,10,6,/storage/bigdata/NSD_stimulus/train2017/000000580974.jpg,1,126,2
1,10,7,/storage/bigdata/NSD_stimulus/train2017/000000002755.jpg,1,157,2
1,10,8,/storage/bigdata/NSD_stimulus/train2017/000000095873.jpg,1,164,2
1,10,9,/storage/bigdata/NSD_stimulus/train2017/000000106804.jpg,1,169,1
1,10,10,/storage/bigdata/NSD_stimulus/train2017/000000293272.jpg,1,170,1
1,10,11,/storage/bigdata/NSD_stimulus/train2017/000000574509.jpg,1,160,2
1,10,12,/storage/bigdata/NSD_stimulus/train2017/000000186074.jpg,1,175,1
1,10,13,/storage/bigdata/NSD_stimulus/train2017/000000210693.jpg,1,56,2
1,10,14,/storage/bigdata/NSD_stimulus/train2017/000000234536.jpg,1,78,1
1,10,15,/storage/bigdata/NSD_stimulus/train2017/000000331419.jpg,1,163,2
1,10,16,/storage/bigdata/NSD_stimulus/train2017/000000344880.jpg,1,161,2
1,10,17,/storage/bigdata/NSD_stimulus/train2017/000000470112.jpg,1,166,2
1,10,18,/storage/bigdata/NSD_stimulus/train2017/000000020646.jpg,1,171,2
1,10,19,/storage/bigdata/NSD_stimulus/train2017/000000357805.jpg,1,174,1
1,10,20,/storage/bigdata/NSD_stimulus/train2017/000000535056.jpg,1,184,2
1,10,21,/storage/bigdata/NSD_stimulus/train2017/000000095873.jpg,1,164,1
1,10,22,/storage/bigdata/NSD_stimulus/train2017/000000470112.jpg,1,166,1
1,10,23,/storage/bigdata/NSD_stimulus/train2017/000000517723.jpg,1,172,1
1,10,24,/storage/bigdata/NSD_stimulus/train2017/000000517723.jpg,1,172,2
1,10,25,/storage/bigdata/NSD_stimulus/train2017/000000106804.jpg,1,169,2
1,10,26,/storage/bigdata/NSD_stimulus/train2017/000000357805.jpg,1,174,2
1,10,27,/storage/bigdata/NSD_stimulus/train2017/000000569672.jpg,1,176,2
1,10,28,/storage/bigdata/NSD_stimulus/train2017/000000117531.jpg,1,177,1
1,10,29,/storage/bigdata/NSD_stimulus/train2017/000000480005.jpg,1,185,1
1,10,30,/storage/bigdata/NSD_stimulus/train2017/000000268688.jpg,1,186,2
1,10,31,/storage/bigdata/NSD_stimulus/train2017/000000206433.jpg,1,190,2
1,10,32,/storage/bigdata/NSD_stimulus/train2017/000000569672.jpg,1,176,1
1,10,33,/storage/bigdata/NSD_stimulus/train2017/000000535056.jpg,1,184,1
1,10,34,/storage/bigdata/NSD_stimulus/train2017/000000325302.jpg,1,191,2
1,10,35,/storage/bigdata/NSD_stimulus/train2017/000000311882.jpg,1,182,1
1,10,36,/storage/bigdata/NSD_stimulus/train2017/000000043202.jpg,1,142,1
1,10,37,/storage/bigdata/NSD_stimulus/train2017/000000132528.jpg,1,179,1
1,10,38,/storage/bigdata/NSD_stimulus/train2017/000000534308.jpg,1,189,1
1,10,39,/storage/bigdata/NSD_stimulus/train2017/000000534308.jpg,1,189,2
1,10,40,/storage/bigdata/NSD_stimulus/train2017/000000132528.jpg,1,179,2
1,10,41,/storage/bigdata/NSD_stimulus/train2017/000000481634.jpg,1,180,1
1,10,42,/storage/bigdata/NSD_stimulus/train2017/000000106498.jpg,1,187,1
1,10,43,/storage/bigdata/NSD_stimulus/train2017/000000565921.jpg,1,193,1
1,10,44,/storage/bigdata/NSD_stimulus/train2017/000000137315.jpg,1,194,1
1,10,45,/storage/bigdata/NSD_stimulus/train2017/000000216556.jpg,1,143,1
1,10,46,/storage/bigdata/NSD_stimulus/train2017/000000206433.jpg,1,190,1
1,10,47,/storage/bigdata/NSD_stimulus/train2017/000000325302.jpg,1,191,1
1,10,48,/storage/bigdata/NSD_stimulus/train2017/000000241986.jpg,1,197,2
1,10,49,/storage/bigdata/NSD_stimulus/train2017/000000338018.jpg,1,205,2
1,10,50,/storage/bigdata/NSD_stimulus/train2017/000000462925.jpg,1,234,1
1,10,51,/storage/bigdata/NSD_stimulus/train2017/000000048974.jpg,1,196,1
1,10,52,/storage/bigdata/NSD_stimulus/train2017/000000048974.jpg,1,196,2
1,10,53,/storage/bigdata/NSD_stimulus/train2017/000000415918.jpg,1,200,1
1,10,54,/storage/bigdata/NSD_stimulus/train2017/000000312388.jpg,1,221,2
1,10,55,/storage/bigdata/NSD_stimulus/train2017/000000139605.jpg,1,192,1
1,10,56,/storage/bigdata/NSD_stimulus/train2017/000000416739.jpg,1,203,2
1,10,57,/storage/bigdata/NSD_stimulus/train2017/000000139605.jpg,1,192,2
1,10,58,/storage/bigdata/NSD_stimulus/train2017/000000436508.jpg,1,199,1
1,10,59,/storage/bigdata/NSD_stimulus/train2017/000000436508.jpg,1,199,2
1,10,60,/storage/bigdata/NSD_stimulus/train2017/000000435303.jpg,1,202,2
1,10,61,/storage/bigdata/NSD_stimulus/train2017/000000506270.jpg,1,206,2
1,10,62,/storage/bigdata/NSD_stimulus/train2017/000000172690.jpg,1,201,2
1,11,1,/storage/bigdata/NSD_stimulus/train2017/000000237758.jpg,1,207,2
1,11,2,/storage/bigdata/NSD_stimulus/train2017/000000465199.jpg,1,208,2
1,11,3,/storage/bigdata/NSD_stimulus/train2017/000000521169.jpg,1,210,2
1,11,4,/storage/bigdata/NSD_stimulus/train2017/000000415918.jpg,1,200,2
1,11,5,/storage/bigdata/NSD_stimulus/train2017/000000052250.jpg,1,212,2
1,11,6,/storage/bigdata/NSD_stimulus/train2017/000000433084.jpg,1,220,1
1,11,7,/storage/bigdata/NSD_stimulus/train2017/000000172690.jpg,1,201,1
1,11,8,/storage/bigdata/NSD_stimulus/train2017/000000506270.jpg,1,206,1
1,11,9,/storage/bigdata/NSD_stimulus/train2017/000000336448.jpg,1,211,1
1,11,10,/storage/bigdata/NSD_stimulus/train2017/000000219655.jpg,1,214,1
1,11,11,/storage/bigdata/NSD_stimulus/train2017/000000219655.jpg,1,214,2
1,11,12,/storage/bigdata/NSD_stimulus/train2017/000000433259.jpg,1,218,1
1,11,13,/storage/bigdata/NSD_stimulus/train2017/000000101816.jpg,1,226,2
1,11,14,/storage/bigdata/NSD_stimulus/train2017/000000416739.jpg,1,203,1
1,11,15,/storage/bigdata/NSD_stimulus/train2017/000000338018.jpg,1,205,1
1,11,16,/storage/bigdata/NSD_stimulus/train2017/000000067805.jpg,1,215,1
1,11,17,/storage/bigdata/NSD_stimulus/train2017/000000324650.jpg,1,216,2
1,11,18,/storage/bigdata/NSD_stimulus/train2017/000000312388.jpg,1,221,1
1,11,19,/storage/bigdata/NSD_stimulus/train2017/000000003220.jpg,1,225,2
1,11,20,/storage/bigdata/NSD_stimulus/train2017/000000521169.jpg,1,210,1
1,11,21,/storage/bigdata/NSD_stimulus/train2017/000000098631.jpg,1,219,1
1,11,22,/storage/bigdata/NSD_stimulus/train2017/000000481292.jpg,1,139,1
1,11,23,/storage/bigdata/NSD_stimulus/train2017/000000277697.jpg,1,209,1
1,11,24,/storage/bigdata/NSD_stimulus/train2017/000000324650.jpg,1,216,1
1,11,25,/storage/bigdata/NSD_stimulus/train2017/000000237758.jpg,1,207,1
1,11,26,/storage/bigdata/NSD_stimulus/train2017/000000067805.jpg,1,215,2
1,11,27,/storage/bigdata/NSD_stimulus/train2017/000000269171.jpg,1,227,1
1,11,28,/storage/bigdata/NSD_stimulus/train2017/000000454789.jpg,1,228,2
1,11,29,/storage/bigdata/NSD_stimulus/train2017/000000419468.jpg,1,222,1
1,11,30,/storage/bigdata/NSD_stimulus/train2017/000000166704.jpg,1,231,1
1,11,31,/storage/bigdata/NSD_stimulus/train2017/000000433084.jpg,1,220,2
1,11,32,/storage/bigdata/NSD_stimulus/train2017/000000454789.jpg,1,228,1
1,11,33,/storage/bigdata/NSD_stimulus/train2017/000000003220.jpg,1,225,1
1,11,34,/storage/bigdata/NSD_stimulus/train2017/000000423008.jpg,1,224,1
1,11,35,/storage/bigdata/NSD_stimulus/train2017/000000572505.jpg,1,238,2
1,11,36,/storage/bigdata/NSD_stimulus/train2017/000000510430.jpg,1,111,2
1,11,37,/storage/bigdata/NSD_stimulus/train2017/000000523718.jpg,1,239,2
1,11,38,/storage/bigdata/NSD_stimulus/train2017/000000044138.jpg,1,243,1
1,11,39,/storage/bigdata/NSD_stimulus/train2017/000000166704.jpg,1,231,2
1,11,40,/storage/bigdata/NSD_stimulus/train2017/000000196290.jpg,1,236,1
1,11,41,/storage/bigdata/NSD_stimulus/train2017/000000244279.jpg,1,230,1
1,11,42,/storage/bigdata/NSD_stimulus/train2017/000000281237.jpg,1,245,1
1,11,43,/storage/bigdata/NSD_stimulus/train2017/000000026725.jpg,1,240,1
1,11,44,/storage/bigdata/NSD_stimulus/train2017/000000026725.jpg,1,240,2
1,11,45,/storage/bigdata/NSD_stimulus/train2017/000000410182.jpg,1,232,2
1,11,46,/storage/bigdata/NSD_stimulus/train2017/000000467180.jpg,1,235,2
1,11,47,/storage/bigdata/NSD_stimulus/train2017/000000328777.jpg,1,237,1
1,11,48,/storage/bigdata/NSD_stimulus/train2017/000000496100.jpg,1,242,1
1,11,49,/storage/bigdata/NSD_stimulus/train2017/000000328777.jpg,1,237,2
1,11,50,/storage/bigdata/NSD_stimulus/train2017/000000241986.jpg,1,197,1
1,11,51,/storage/bigdata/NSD_stimulus/train2017/000000535325.jpg,1,246,2
1,11,52,/storage/bigdata/NSD_stimulus/train2017/000000281237.jpg,1,245,2
1,11,53,/storage/bigdata/NSD_stimulus/val2017/000000206025.jpg,1,229,2
1,11,54,/storage/bigdata/NSD_stimulus/train2017/000000336448.jpg,1,211,2
1,11,55,/storage/bigdata/NSD_stimulus/train2017/000000003375.jpg,1,247,2
1,11,56,/storage/bigdata/NSD_stimulus/train2017/000000365103.jpg,1,153,1
1,11,57,/storage/bigdata/NSD_stimulus/train2017/000000543494.jpg,1,38,2
1,11,58,/storage/bigdata/NSD_stimulus/train2017/000000189741.jpg,1,132,2
1,11,59,/storage/bigdata/NSD_stimulus/train2017/000000399862.jpg,1,119,1
1,11,60,/storage/bigdata/NSD_stimulus/train2017/000000406770.jpg,1,31,1
1,11,61,/storage/bigdata/NSD_stimulus/train2017/000000167671.jpg,1,112,1
1,11,62,/storage/bigdata/NSD_stimulus/train2017/000000307316.jpg,1,167,2
1,12,1,/storage/bigdata/NSD_stimulus/train2017/000000234343.jpg,1,58,1
1,12,2,/storage/bigdata/NSD_stimulus/train2017/000000423008.jpg,1,224,2
1,12,3,/storage/bigdata/NSD_stimulus/train2017/000000015954.jpg,1,7,2
1,12,4,/storage/bigdata/NSD_stimulus/train2017/000000480005.jpg,1,185,2
1,12,5,/storage/bigdata/NSD_stimulus/train2017/000000343960.jpg,1,213,2
1,12,6,/storage/bigdata/NSD_stimulus/train2017/000000435303.jpg,1,202,1
1,12,7,/storage/bigdata/NSD_stimulus/train2017/000000237833.jpg,1,178,2
1,12,8,/storage/bigdata/NSD_stimulus/train2017/000000244279.jpg,1,230,2
1,12,9,/storage/bigdata/NSD_stimulus/train2017/000000467180.jpg,1,235,1
1,12,10,/storage/bigdata/NSD_stimulus/train2017/000000020527.jpg,1,17,1
1,12,11,/storage/bigdata/NSD_stimulus/train2017/000000581884.jpg,1,54,2
1,12,12,/storage/bigdata/NSD_stimulus/train2017/000000551246.jpg,1,118,2
1,12,13,/storage/bigdata/NSD_stimulus/train2017/000000561729.jpg,1,22,2
1,12,14,/storage/bigdata/NSD_stimulus/train2017/000000199688.jpg,1,165,1
1,12,15,/storage/bigdata/NSD_stimulus/train2017/000000312472.jpg,1,188,1
1,12,16,/storage/bigdata/NSD_stimulus/train2017/000000287117.jpg,1,51,1
1,12,17,/storage/bigdata/NSD_stimulus/train2017/000000276295.jpg,1,33,1
1,12,18,/storage/bigdata/NSD_stimulus/train2017/000000003375.jpg,1,247,1
1,12,19,/storage/bigdata/NSD_stimulus/train2017/000000531963.jpg,1,217,1
1,12,20,/storage/bigdata/NSD_stimulus/train2017/000000313846.jpg,1,88,1
1,12,21,/storage/bigdata/NSD_stimulus/train2017/000000462925.jpg,1,234,2
1,12,22,/storage/bigdata/NSD_stimulus/train2017/000000311882.jpg,1,182,2
1,12,23,/storage/bigdata/NSD_stimulus/train2017/000000060325.jpg,1,152,1
1,12,24,/storage/bigdata/NSD_stimulus/train2017/000000106498.jpg,1,187,2
1,12,25,/storage/bigdata/NSD_stimulus/train2017/000000135984.jpg,1,108,1
1,12,26,/storage/bigdata/NSD_stimulus/train2017/000000513497.jpg,1,127,1
1,12,27,/storage/bigdata/NSD_stimulus/train2017/000000254396.jpg,1,181,2
1,12,28,/storage/bigdata/NSD_stimulus/train2017/000000269171.jpg,1,227,2
1,12,29,/storage/bigdata/NSD_stimulus/train2017/000000572505.jpg,1,238,1
1,12,30,/storage/bigdata/NSD_stimulus/train2017/000000344880.jpg,1,161,1
1,12,31,/storage/bigdata/NSD_stimulus/val2017/000000206025.jpg,1,229,1
1,12,32,/storage/bigdata/NSD_stimulus/train2017/000000346813.jpg,1,204,1
1,12,33,/storage/bigdata/NSD_stimulus/train2017/000000102357.jpg,1,173,2
1,12,34,/storage/bigdata/NSD_stimulus/train2017/000000231315.jpg,1,110,2
1,12,35,/storage/bigdata/NSD_stimulus/train2017/000000098631.jpg,1,219,2
1,12,36,/storage/bigdata/NSD_stimulus/train2017/000000055303.jpg,1,13,2
1,12,37,/storage/bigdata/NSD_stimulus/train2017/000000535325.jpg,1,246,1
1,12,38,/storage/bigdata/NSD_stimulus/train2017/000000380477.jpg,1,123,2
1,12,39,/storage/bigdata/NSD_stimulus/train2017/000000399862.jpg,1,119,2
1,12,40,/storage/bigdata/NSD_stimulus/train2017/000000277697.jpg,1,209,2
1,12,41,/storage/bigdata/NSD_stimulus/train2017/000000237833.jpg,1,178,1
1,12,42,/storage/bigdata/NSD_stimulus/train2017/000000060325.jpg,1,152,2
1,12,43,/storage/bigdata/NSD_stimulus/train2017/000000028649.jpg,1,156,1
1,12,44,/storage/bigdata/NSD_stimulus/train2017/000000465199.jpg,1,208,1
1,12,45,/storage/bigdata/NSD_stimulus/train2017/000000021408.jpg,1,233,1
1,12,46,/storage/bigdata/NSD_stimulus/train2017/000000561729.jpg,1,22,1
1,12,47,/storage/bigdata/NSD_stimulus/train2017/000000522930.jpg,1,75,1
1,12,48,/storage/bigdata/NSD_stimulus/train2017/000000219484.jpg,1,45,1
1,12,49,/storage/bigdata/NSD_stimulus/train2017/000000065953.jpg,1,32,1
1,12,50,/storage/bigdata/NSD_stimulus/train2017/000000565921.jpg,1,193,2
1,12,51,/storage/bigdata/NSD_stimulus/train2017/000000181026.jpg,1,168,2
1,12,52,/storage/bigdata/NSD_stimulus/train2017/000000214577.jpg,1,93,2
1,12,53,/storage/bigdata/NSD_stimulus/train2017/000000208288.jpg,1,121,1
1,12,54,/storage/bigdata/NSD_stimulus/train2017/000000532055.jpg,1,144,1
1,12,55,/storage/bigdata/NSD_stimulus/train2017/000000105055.jpg,1,28,1
1,12,56,/storage/bigdata/NSD_stimulus/train2017/000000419468.jpg,1,222,2
1,12,57,/storage/bigdata/NSD_stimulus/train2017/000000186074.jpg,1,175,2
1,12,58,/storage/bigdata/NSD_stimulus/train2017/000000184614.jpg,1,37,1
1,12,59,/storage/bigdata/NSD_stimulus/train2017/000000461443.jpg,1,122,2
1,12,60,/storage/bigdata/NSD_stimulus/train2017/000000135326.jpg,1,141,1
1,12,61,/storage/bigdata/NSD_stimulus/train2017/000000577564.jpg,1,60,1
1,12,62,/storage/bigdata/NSD_stimulus/train2017/000000523718.jpg,1,239,1
